Title,SKU,Price,Barcode
***Mirror Round Asst Clrs-wholesale,145025,$0.98 ,710789271866
***LIM Eyelashes Display Asst-wholesale,147669,$0.75 ,99999999999999999999
Armor All Protectant Wipes Orgnl 25ct-wholesale,102424,$4.01 ,070612108616
Baby Bath Sponge 1pc Asst Clrs-wholesale,117085,$0.22 ,741021000173
Bauducco Maria Cookies 7oz-wholesale,132624,$0.86 ,875754004181
Chocolate Rose In Vase-wholesale,148890,$0.91 ,011822996631
3M Safety Goggles Black-wholesale,148869,$2.01 ,078371905521
***Baby Bib W-Squeaker Lg-wholesale,139472,$0.23 ,99999999999999999999
***Halloween Asst Baby Costumes-wholesale,105647,$0.56 ,680058360297
1-2-3 Corn Oil 16.91oc Choles Free-wholesale,129842,$2.13 ,01205000633
Allegra Pasta 1 Lb Rigatoni-wholesale,106854,$0.98 ,029243050276
1-2-3 Canola Oil 100% 16.91oz-wholesale,137098,$1.94 ,012005000602
Bountry Paper Towels 2pk Essentials Wht-wholesale,148480,$3.97 ,037000763765
Ace Liq Det 5 Ltrs H.E W-Downy-wholesale,148285,$10.34 ,7500435184359
Baby Bottle 5oz Asst Clrs-wholesale,139461,$0.56 ,99999999999999999999
Face Mask Asst Designs-wholesale,113435,$0.29 ,99999999999999999999
1-2-3 Detergent 900g Flowers Essence-wholesale,138534,$2.01 ,845346000068
***Palmolive Dish Liq 8oz Ultra Strength-wholesale,143488,$1.37 ,03516207
1-2-3 Vegetable Oil 1 Gl Cholest Free-wholesale,112807,$14.32 ,012005000541
T-Shirt Bags 200ct Reusable Wht 13X7X21-wholesale,149545,$20.41 ,99999999999999999999
6 Outlet W-Surge Protector UL-wholesale,145897,$4.01 ,871170064945
Amoray Epsom Salt Pouch Sport Soak 16oz-wholesale,136949,$0.91 ,088168290006
***Bulls-Eye BBQ Sauce 18oz B. Sugar & H-wholesale,142165,$1.14 ,019582392403
Antenna Rabbit Ear W-2 Loops & Fine Tuni-wholesale,136428,$3.16 ,826139120057
Amoray Epsom Salt Pouch Lavender 16oz-wholesale,130574,$0.91 ,088168290020
Duracell 9 Volt 1pk-wholesale,110547,$4.01 ,041333116013
Big Mama Underwear Asst By Dozen-wholesale,101639,$0.75 ,893615006242
9 Lives 5.5oz Hearty Cuts W-Beef & Chic-wholesale,109762,$0.75 ,07932519
Toy 3in Barrel-O-Slime Asst Clrs-wholesale,119066,$0.86 ,686793564099
Ankle Socks Kids 2pk 2-4 Asst-wholesale,138333,$0.68 ,871170001254
Bauducco Wafer Chocolate 5oz-wholesale,149766,$0.98 ,875754008318
3 Outlet Grounding Taps-wholesale,108212,$1.14 ,602846705202
Amoray Epsom Salt Pouch Chamomile 16oz-wholesale,130575,$0.91 ,088168290044
3M Duct Tape Pro-Strenght 1.88X30y Grey-wholesale,108743,$5.74 ,051131980105
Armor All Tire Foam 4oz Protectant-wholesale,105942,$1.71 ,070612400406
Antenna W-Cable Adaptor-wholesale,124990,$1.37 ,6575592482496
5-Flags Lighters Asst Neon Clrs-wholesale,124868,$0.68 ,10853195000556
9 Lives 5.5oz Seafood Platter-wholesale,109796,$0.75 ,07940217
Acrylic Paint 2oz White-wholesale,135875,$9.48,Not Found
***Ice Cream Scoop Bowl W-Spoon Asst Clr-wholesale,111400,$0.75 ,827680621116
Cheetos Flamin Hot Limon 2¾oz-wholesale,138996,$1.48 ,028400356732
Aluminum Foil 150sq Ft-wholesale,144407,$3.16 ,191554340039
***Balloons Foil 15in Baby Bottle W-Stan-wholesale,142877,$1.44 ,8276803020725
*V-O5 Shamp 15.oz Strwbrys & Cream-wholesale,136749,$1.37 ,81655911172
Bauducco Wafer Peanut Butter 5.8oz-wholesale,140477,$1.14 ,875754005904
5-Flags Lighter Side Torch Stix Asst Clr-wholesale,138303,$0.79 ,853195000207
Childrens T-Shirts 5T 6T Asst Clrs-wholesale,142618,$0.56 ,99999999999999999999
***Socket Holder Half Inch 2pc-wholesale,105788,$0.12 ,788914382510
Toy Archery Play Set-wholesale,137311,$3.16 ,885861220329
Cheetos Flamin Hot Crunchy 2oz-wholesale,138421,$0.79 ,028400047913
Boys Crew Socks 6pk 3-8.5-wholesale,146716,$1.48 ,99999999999999999999
Ariana Bath Tissue 1pk 360ct 2-Ply-wholesale,136939,$0.40 ,422052261718
Crochet Hooks 4pk 0; 1; 7; 10-wholesale,d41d8cd98f00,$0.00 ,Not Found
Allegra Pasta 1 Lb Penne Rigate-wholesale,136133,$0.98 ,029243050863
Always Maxi Pads 16ct Reg Ultra Thin Act,Always Maxi Pads 16ct Reg Ultra Thin Act-1,$41.28,Not Found
Allegra Pasta 1 Lb Rotini-wholesale,124817,$0.98 ,029243050245
Toy Warrior Men 4½in Asst-wholesale,118688,$0.86 ,885861340355
Table Tennis Balls 12pc-wholesale,141368,$1.14 ,827680340543
***Scrub Free Multi Surface Clnr 9.7oz L-wholesale,143146,$0.86 ,850016674876
***Xtra Tuff Envelopes 4ct 7X10in Yellow-wholesale,145549,$0.68 ,191554462014
***Balloons 13ct Happy Birthday-wholesale,121254,$1.02 ,827680301032
***Socks Low Cut 9-11 White W-Orange-wholesale,121944,$0.29 ,8006682269881
Airheads Bites 2oz Paradise Blends-wholesale,149352,$1.14 ,073390011017
Ace Liq Det 5 Ltrs H.E Poder Bio-wholesale,149291,$10.34 ,7500435184304
Antenna W-Cable Adapter-wholesale,116123,$0.98 ,874507009732
Ariana Gift Bags Happy Birthday Smll-wholesale,134664,$0.33 ,422052262463
Cubic Zirconia Earrings Round Gold-wholesale,145988,$0.63 ,871170042172
Ariana Gift Bags For Mom Lg Asst-wholesale,134782,$0.52 ,422052262128
Adhesive Hooks 6pc-wholesale,102966,$0.68 ,840150513445
***Ajax Dish Liq 14oz Charcoal Citrus-wholesale,144785,$1.60 ,035000973818
C.M Popcorn W-Pnuts 6oz Caramel-wholesale,149739,$1.32 ,064144102365
Toy Ball 10in W-Spikes Asst Clrs-wholesale,146878,$0.75 ,191554900561
***Wood Spoon & Fork Set-wholesale,102614,$0.12 ,816433011656
Aluminum Foil 200sq Ft Heavy Duty-wholesale,146916,$5.46 ,840323104012
Aluminium Bowl Large-wholesale,115566,$0.79 ,871170009670
Sign FOR RENT 9 X 12in-wholesale,102816,$0.40 ,764608043035
5 Star Blanket Queen Flower Dsgn Asst-wholesale,143884,$14.94 ,191409186072
***R.V Liq Soap 16.9oz Hand & Body-wholesale,139659,$0.79 ,0120058000011
Mexican Plstc Shopping Bag Lg Asst-wholesale,132991,$3.16 ,99999999999999999999
Artist Brush Set 5pc-wholesale,105480,$0.79 ,764608034149
Sign FOR SALE 9 X 12in-wholesale,102814,$0.40 ,764608043004
Boys T-Shirt 2pc Asst Clrs & Sizes-wholesale,139924,$0.52 ,99999999999999999999
***Hair Elastic Bands 6pc Asst Clrs-wholesale,130076,$0.17 ,661874170949
Baby Bibs Terry Cloth I LOVE MOMMY-wholesale,146550,$1.02 ,094606836903
Artist Paint Brush 7pc Asst Clrs-wholesale,145657,$1.14 ,764608039908
**Make-Up Cleansing Wipes 30ct Green Tea-wholesale,148264,$0.68 ,852669518668
***P.C Shave Cream For Her 7oz Super Smo-wholesale,146670,$0.56 ,808829114928
***Doria Pasta 16oz Spaghetti-wholesale,147934,$1.02 ,818848020018
Ankle Support 2pc-wholesale,116349,$0.86 ,871170019075
Baby Bib Paw Patrol Asst-wholesale,144746,$1.14 ,094606058510
3M Sandpaper 6 Sheets 9in Smooth Lisser-wholesale,148682,$1.37 ,051131396043
Cheetos Crunchy Flmng Hot Tangy 2oz-wholesale,149668,$0.79 ,028400712361
Duracell AA 4pk Batteries-wholesale,106170,$3.44 ,041333415017
3M Safety Glasses Over-The-Glass-wholesale,147427,$1.44 ,638060080788
Blue Ribbon Cat Litter 4lbs-wholesale,137614,$2.17 ,091913440441
***The Mask Table Cover 54 X 84-wholesale,102887,$0.12 ,011179130337
Sign FOR SALE 12 X 16in-wholesale,125359,$0.56 ,764608043516
9 Lives 5.5oz Meaty Pate W-Chic & Tuna-wholesale,105246,$0.75 ,07932412
1-2-3 Detergent 500g Frsc Blancura-wholesale,105135,$1.14 ,083743318878
C.M Popcorn W-Pnuts 6oz Buttery Toffee-wholesale,123338,$1.32 ,064144102358
Halloween LED Earings Asst-wholesale,148567,$1.02 ,10049022187228
Allegra Pasta 1 Lb Shells-wholesale,136739,$0.98 ,029243050221
9 Lives 3.15 Lbs Plus Care Cat Food-wholesale,106966,$5.74 ,079100514175
Airheads Xtremes Bites 3.8oz Peg Bag-wholesale,126046,$1.44 ,073390008192
Cheetos Flamin Hot Tangy Chili Fusion 2¾-wholesale,149401,$1.48 ,028400712378
Bath Tissue 555 Super Value 500ct 2-Ply-wholesale,103584,$0.56 ,741604185006
Happy New Year DIY Photo Prop Kit 9pc-wholesale,145092,$0.98 ,001806858123
Airheads Gum 14pc Watermelon-wholesale,130195,$1.14 ,073390020958
Bra Extenders 2pc + Strap Slides & Rings-wholesale,113150,$0.79 ,752902015322
Bath Tissue Jumbo Roll 950ft-wholesale,149198,$1.83 ,99999999999999999999
A&H Liq Detergent 43.75oz Clean & Simple-wholesale,130118,$4.89 ,033200001904
Duracell AA 2pk Batteries-wholesale,136270,$2.29 ,041333215013
***Pot Holders 1pc-wholesale,146371,$0.52 ,99999999999999999999
1-2-3 Vegetable Oil 33.81oz-wholesale,126735,$4.13 ,75002343
Sign SECURITY NOTICE 12 X 16in-wholesale,127342,$0.56 ,782403226552
Sign NO PARKING 9X12in-wholesale,149000,$0.40 ,764608043066
1-2-3 Vegetable Oil 16.91oz-wholesale,102348,$2.06 ,01200591
Chap Stick 0.15oz Variety,139907,$11.83,Not Found
7-Up Soda 12oz Can-wholesale,108618,$0.56 ,07803802
Auto Bright Leather & Vinyl Protect 10oz-wholesale,117881,$1.14 ,849607011831
***Todo Clean Styling Hair Gel Spr Hold-wholesale,130759,$0.68 ,091669333363
Easter Tubes Chocolate Lentis 1.3oz-wholesale,137905,$0.86 ,073563014166
Baby Bottle 5oz Asst Clrs-wholesale,103842,$0.86 ,810002203176
Duracell AA 2pk Batteries-wholesale,140124,$0.91 ,041333038094
Bauducco Wafer Strawberry 5oz-wholesale,149765,$0.98 ,875754008295
Airheads Filled Ropes 2oz Asst Flavors-wholesale,114312,$1.14 ,073390014872
A&H Liq Detergent 122.5oz Clean & Simple-wholesale,148986,$11.21 ,033200005230
Toy Baby W-Stroller In Blister Card-wholesale,129884,$1.14 ,885861212829
***Blue-Touch Roach Glue Traps 4pk-wholesale,121062,$0.91 ,6931492322018
Sign AUTO FOR SALE 12 X 16-wholesale,111154,$0.56 ,764608043523
Adoro Baby Mani-Pedi 3pc Set Asst Clrs,128266,$10.32,Not Found
Bauducco Wafer Hazelnut 5oz-wholesale,125622,$0.98 ,875754009100
Advance Gloves Blck 100ct Md-wholesale,149404,$6.89 ,713757902519
3M Safety Goggles-wholesale,108773,$1.02 ,638060080245
A.R.C Hydrogen Peroxide Spray 3% 6oz-wholesale,147003,$0.91 ,850015737756
Airwick Scented Oil 2pk Brown Sugar Vnll-wholesale,147365,$24.06,Not Found
9 Lives 3.15 Lbs Cat Food Daily Essentia-wholesale,119158,$5.74 ,079100581221
Bauducco Wafer Coconut 5.82-wholesale,132629,$1.14 ,875754000053
Adjustable Headband Asst Clrs-wholesale,137648,$0.86 ,643117905204
***Ri-Pac Drop Cloth Plastic 9ft X 12ft-wholesale,148641,$0.52 ,801243282013
9 Lives 5.5oz Super Supper-wholesale,109764,$0.75 ,07932713
Airheads Chewy Candy 3.8oz Gummies-wholesale,133773,$1.44 ,073390009502
A1 Steak Sauce 5oz Thick & Hearty-wholesale,130841,$1.71 ,054400003604
Ariana PP White Cutlery Combo 51ct,Not Found,$18.00,Not Found
Elmers Red Rose Bouquet Choc 2oz-wholesale,115056,$0.98 ,041761103029
***P.C Skin Care Lotion 4oz Vitamin E-wholesale,142009,$0.79 ,808829118131
Ariana Gift Bags Happy Birthday Asst-wholesale,104453,$0.63 ,422052262524
***Rotary Duplex Adapter-wholesale,102933,$0.17 ,609585132924
American Red Cross Alcohol 50% 12oz Gree-wholesale,149392,$1.14 ,850016674609
***Socks Ankle 9-11 White 2pk-wholesale,121906,$0.29 ,8006682269881
Baby Bottle 2oz Printed Asst Clrs-wholesale,144161,$1.02 ,094606420003
***Corkscrew In Jar-wholesale,148642,$0.56 ,610466021480
Baby Booties 0-12 Asst-wholesale,144168,$1.02 ,094606018514
Ball Pens W-Diamond Top Asst Clrs-wholesale,106173,$0.68 ,871170041526
***Soulcycle T-Shirts Yellow-wholesale,140936,$0.56 ,99999999999999999999
Allegra Pasta 1 Lb Elbows-wholesale,114764,$0.98 ,029243050351
***Palmolive Dish Liq 8oz Soft Touch-wholesale,143503,$1.02 ,03516906
Ariana Gift Bags Smll W-Flower Asst-wholesale,134670,$0.43 ,422052262050
***Sketch Book 40 Sheets 9 X 9in-wholesale,127384,$0.79 ,764608050422
American Red Corss Alcohol 50% 12oz-wholesale,149383,$1.14 ,850016674593
Airheads Gum 14pc Raspbeery Lemonade-wholesale,109965,$1.14 ,073390009816
B.L Baby Petroleum Jelly Pnk 6oz-wholesale,106897,$0.98 ,808829050516
***Butcher Meat Knife 8in Brown Handle-wholesale,147490,$1.25 ,840150503552
9 Lives 5.5oz Ocean Whitefish Din-wholesale,106208,$0.75 ,07942011
A&H Liq Detergent 43.75oz Oxi Clean-wholesale,148989,$4.89 ,033200090458
***Metal Clip W-Bow 3pk Asst Clrs,140562,$8.16,Not Found
5 Star Blanket Queen Animal Dsgn Asst-wholesale,143867,$16.09 ,99999999999999999999
***Leggins Blue Md-Lg-wholesale,129463,$0.91 ,1218134020407
***Socks Low Cut 9-11 White W-Black 2PK-wholesale,121938,$0.29 ,8006682269881
***G.S Mosquito Repellent Wristband 1pc-wholesale,145874,$0.75 ,191554960220
***Basilur Premium Tea Ceylon Green 25ct-wholesale,144856,$0.45 ,4792252937116
1-2-3 Corn Oil 33.81oz-wholesale,136662,$4.43 ,012005000589
***Ariana PS Red Ctulery Combo 36ct-wholesale,130488,$0.98 ,422052261596
***Hostess Asst Snack Display-wholesale,131869,$0.91 ,00888109104771
***Palmolive Dish Liq 8oz Citrus Lemon-wholesale,143493,$1.37 ,03518108
***Ajax Cleanser 21oz W-Bleach-wholesale,125736,$1.25 ,035000053619
Baby Blanket W-Silver Snowflakes-wholesale,140753,$34.32,Not Found
***Book Light-wholesale,138475,$0.22 ,99999999999999999999
Auto Bright Engine Degreaser & Clnr 10oz-wholesale,117883,$1.14 ,849607011855
***Steel Wool Pads 12pc Coarse # 2-wholesale,147352,$1.14 ,643117803067
Bath Tissue Jumbo Roll 1000ft 2-ply-wholesale,139407,$1.83 ,850015049002
***Screwdriver Phillips Head 4in Gery Yl-wholesale,113234,$0.91 ,827680159275
***Langers 64oz Pomegranate-wholesale,145460,$2.86 ,041755008514
Arcor Chocolate Filled Mints Candy 5oz-wholesale,149020,$0.91 ,7790580400804
2in Hex Head Self Tap Drill Point Screws-wholesale,120810,$0.91 ,839409006081
Auto Bright Tire Shine 10oz-wholesale,117880,$1.14 ,849607011817
Airheads Chewy Fruit Candy 6 Asst Bars-wholesale,107632,$1.44 ,073390020620
A&H Baking Soda 14oz Fridge N Freezer-wholesale,119762,$1.37 ,033200000204
Armor All Protectant Pump Spray 4oz-wholesale,130948,$1.48 ,070612100405
***Clarisse Cotton Swabs 250ct-wholesale,136195,$1.02 ,808829107548
Cheetos Crunchy 2¾oz Regular-wholesale,138988,$1.48 ,028400356145
Bobby Pins 200pc Asst Black-wholesale,132318,$0.68 ,7807424892708
Glow In The Dark Flowers & Stars-wholesale,148502,$0.91 ,885861340287
Auto Bright Upholstery Cleaner 12oz-wholesale,135003,$1.14 ,849607011824
Bicycle Blinking Valve Cap Asst Clrs-wholesale,131878,$0.86 ,643117705132
Ariana Bath Tissue 1pk 450ct 2-Ply-wholesale,111971,$0.37 ,422052261398
A&H Baking Soda 16oz-wholesale,110517,$1.02 ,033200011101
***Epielle Charcoal W-Tea Tree Tissues 3-wholesale,138409,$0.75 ,856023004361
*Flower Pot Square 8in-wholesale,118581,$0.79 ,633040114002
Armor All Protectant 10oz Original-wholesale,119914,$2.86 ,070612100108
Disney Hair Clip W-Flower Asst-wholesale,141242,$0.68 ,99999999999999999999
Bertolli Alfredo Suace 15oz-wholesale,144769,$3.28 ,036200219294
B.L Baby Wipes 72ct Hypoallergenic Blue-wholesale,149377,$0.98 ,808829119329
Toy Blocks 24pc Asst-wholesale,139325,$0.98 ,885861219408
A&H Fab Soft Sheets 20ct Tropi Paradise-wholesale,130990,$1.14 ,033200142201
Button Batteries 8pc-wholesale,141080,$1.14 ,827680327773
Best Foods Mayonnaise 15oz-wholesale,104007,$4.20 ,048001213364
Ace Liq Det 2.8 Ltr HE-wholesale,139169,$5.74 ,7500435140010
Shrilling Chicken-wholesale,102290,$1.14 ,871170010379
***Pampers Diapers #2 3ct Pure Protectio-wholesale,136190,$2.06 ,037000772866
Ariana Gift Bags Happy Birthday Asst-wholesale,134801,$0.75 ,422052262531
Shopping Bag Reusable Asst Clrs-wholesale,143521,$0.56 ,871170101428
Happy New Year Centerpiece 10in-wholesale,114152,$0.91 ,818068042135
***Ajax Dish Liq 14oz Lime-wholesale,134327,$1.44 ,035000446299
Ariana Gift Bags Happy Birthday Asst-wholesale,134677,$0.75 ,422052262500
Toy Beach Ball Unicorn-wholesale,146853,$0.86 ,191554900592
***Dog Collar W-Plaid Design Asst Clrs A-wholesale,143998,$0.98 ,731015072187
Baja Limon Tortilla Chips 5oz Spicy & Li-wholesale,118692,$1.25 ,078907440502
***Bow Hair Clips Asst Clrs-wholesale,112245,$0.29 ,871170016876
7-Up Soda 2 Ltrs Reg-wholesale,108619,$1.83 ,078000000344
Auto Bright Alloy Wheel Cleaner 12oz-wholesale,117882,$1.14 ,849607011848
Clips Multi Purpose 6pk Asst Clrs-wholesale,144414,$1.14 ,191554422001
Easter Grass 4oz Grn Ylw & Pink Asst-wholesale,100594,$0.79 ,816433011786
Mini Shopping Cart-wholesale,102640,$2.13 ,871170011239
Alka Nix Alkaline Water 1.5 Lt + Electro-wholesale,102879,$0.91 ,865068000115
Back Scratcher Metal Extendable Asst Clr-wholesale,145836,$1.14 ,191554461222
***Todo Clean Styling Hair Gel Firm Hold-wholesale,147635,$0.68 ,091669333370
Arcor Crystal Drops Candy 6oz-wholesale,149019,$0.91 ,7790580400736
A.M Wash Cloths 6pk 11X11in White-wholesale,104548,$1.32 ,738076502646
Klay Dough Modeling Toy Kit Asst-wholesale,131930,$0.29 ,739205719836
Alka Nix Alkaline Water 16.9oz + Electro-wholesale,120477,$0.45 ,865068000184
***Palmolive Dish Liq 8oz Antibacterial-wholesale,143507,$1.37 ,03517808
***Charmin Bath Tissue 244ct 2pk Ultra S-wholesale,146141,$3.21 ,030772015520
American Red Cross Alcohol 70% 12oz Gree-wholesale,147252,$1.48 ,850015737831
9 Lives 5.5oz Hearty Cuts Chick-Fish Gra-wholesale,119173,$0.75 ,07932014
Allegra Pasta 1 Lb Spaghetti #8-wholesale,112026,$0.98 ,029243050085
Table Decor Luau Tinsel Asst-wholesale,146332,$0.68 ,018068130621
Airheads Fruit Bites 2oz Original Fruit-wholesale,149358,$1.14 ,073390030087
Ariana Gift Bags Happy Birthday Lg Asst-wholesale,134799,$0.63 ,422052262470
Allegra Pasta 1 Lb Linguine-wholesale,106837,$0.98 ,029243050177
Back Scratcher Plastic Asst Clrs-wholesale,105762,$0.86 ,874619203790
Always Maxi Pads 16ct Reg Ultra Thin Act,115004,$3.44 ,Not Found
Bauducco Wafer Sugar Free 4.2oz Chocolat-wholesale,145449,$0.98 ,875754002323
3M Dust Channeling 2pk Sanding Sponge-wholesale,137811,$1.48 ,638060081686
Betta Delux Fish Food 1oz Bottle-wholesale,105652,$0.98 ,654367361016
Happy New Years Photo Props 12pc-wholesale,145080,$0.91 ,876416223940
1-2-3 Canola Oil 33.81oz W-Omega-wholesale,136297,$4.20 ,012005000596
Bounty Napkins 200ct 1-Ply Asst-wholesale,136979,$3.97 ,037000348856
Ace Liq Det 800ml HE Para Todo-wholesale,141424,$2.17 ,7500435159395
7 Day Pill Boxes-wholesale,126946,$0.86 ,840150513841
Bauducco Wafer Coconut 5oz-wholesale,149767,$0.98 ,875754009094
Advance Disposable Gloves 100ct Blck XL-wholesale,149552,$6.89 ,713757902717
Boys Socks No Show 6pk 9-11 Asst-wholesale,102416,$2.01 ,493260701082
*Dove Bath Soap 100g Pink-wholesale,109333,$0.75 ,0067238891183
Chela Michelada Mix Reg 24oz Styrofoam-wholesale,147307,$31.68,Not Found
Angel Soft Bath Tissue Mega 4pk 425ct-wholesale,143634,$4.31 ,030400792991
***Ajax Ultra Dish Liq 14oz Grapefruit B-wholesale,106380,$1.44 ,035000446282
409 All Purpose Cleaner 32oz W-Lemon-wholesale,135754,$4.20 ,044600008882
Button Batteries 40pc AG1 364-wholesale,141056,$1.48 ,827680321061
***Socks Low Cut 9-11 White 2pk-wholesale,121933,$0.29 ,8006682269881
3M Post-It 1pc 50 Sheets 3.8in W-Magnet-wholesale,116950,$0.79 ,638060272909
***Aluminum Wedding Ring 24pc-wholesale,130151,$0.56 ,72021920101
Ariel Bath Tissue 1pk 600ct Blue-wholesale,118639,$0.75 ,6924180200866
ACTII Popcorn 8.25oz Butter Lovers 3pk-wholesale,130732,$1.37 ,076150232585
Bauducco Wafer Hazelnut 5.82oz-wholesale,140475,$1.14 ,875754000589
***Fashion Bracelet 2pc Asst-wholesale,115841,$0.12 ,99999999999999999999
Aluminum Foil 200sq Ft Heavy Duty-wholesale,127493,$6.31 ,801243312024
Auto Bulb 12V-21W 1pc #3156-wholesale,117595,$0.68 ,188977001388
Bauducco Wafer Peanut Butter 5oz-wholesale,126318,$0.98 ,875754009117
Alexie Bowl 6.22in Whtie Multi Purpose-wholesale,140153,$0.75 ,492000128943
3M Scotch Packaging Tape 1.88X43.7 Yrds-wholesale,108124,$2.59 ,051131670020
***Miinnie Mouse 4pc Study Kit-wholesale,125229,$0.68 ,663542005690
1-2-3 Liq Detergent 1.83 Ltr Max Power-wholesale,138509,$3.44 ,636125000054
Amber Farms Pecan Shortbread Cookies 8oz-wholesale,130648,$0.91 ,074699031072
1-2-3 Canola Oil 1 Gl W-Omega 3-wholesale,141447,$14.32 ,012005000527
***Composition Notebook 100ct Wide Ruled-wholesale,127325,$0.79 ,732962102620
Amoray Epsom Salt Pouch Foot Soak 16oz-wholesale,132333,$0.91 ,088168290037
Big Quality Paper Towels 200ct 2-ply-wholesale,104921,$1.14 ,754136300311
Always Maxi Pads 16ct Reg Ultra Thin Act,Always Maxi Pads 16ct Reg Ultra Thin Act,$41.28,Not Found
Auto Cleaning Cloths Microfiber Asst Cl-wholesale,114805,$0.75 ,042205271106
Airheads Gum 14ct Blue Raspberry-wholesale,126236,$1.14 ,073390020965
Baby Bibs Large Asst-wholesale,139463,$0.45 ,99999999999999999999
Artist Paint Brush 5pc Asst Clrs-wholesale,145669,$1.14 ,764608039892
***Palmolive Dish Liq 8oz Lavender Lime-wholesale,143492,$1.25 ,03517206
Amor Hot Sause 12oz-wholesale,131455,$0.91 ,724836055026
Fanny Pack Black-wholesale,140989,$1.02 ,827680930317
***Tote Bags 14X15in Beach Designs-wholesale,147960,$0.56 ,758913953141
Toy Animal World Asst-wholesale,148094,$0.98 ,885861340065
Bandana 1pc Asst Clrs-wholesale,149440,$0.56 ,8360991184618
9 Lives 5.5oz Chicken Meaty Pate-wholesale,106084,$0.75 ,07941012
A.V Baked Beans 15oz-wholesale,144535,$0.98 ,035549874607
***Parrot Coconut Milk Banana Flvr 290ml-wholesale,116205,$1.21 ,022652240009
Keychain Asst on Display Rack-wholesale,102862,$0.86 ,99999999999999999999
A&H Baking Soda 8oz-wholesale,134166,$0.68 ,033200011309
Reusable Shopping Bags White 200ct-wholesale,136724,$18.39 ,99999999999999999999
Alka Nix Alkaline Water 1 Ltr-wholesale,139037,$0.79 ,850995007054
Bauducco Toast Multi-grain 5oz-wholesale,149758,$0.98 ,875754004464
7-Up Soda 16.9oz Bottle-wholesale,102729,$0.98 ,078000012194
3-In-One Oil 3oz Multi-Purpose-wholesale,102184,$2.86 ,079567100355
Auto Bulb 12V-15W 2pc #67-wholesale,114309,$0.68 ,188977001371
5 D-Mayo Michelada Mix 32oz W-6 Rim Cups-wholesale,141991,$6.61 ,860001989854
7-Up Soda 12oz Glass 355ml-wholesale,116070,$1.32 ,078000019544
***Ajax Dish Liq 14oz Lemon-wholesale,106382,$1.44 ,035000446275
A&W Root Beer Soda 16.9oz Plstc Bottle-wholesale,135916,$0.98 ,078000052428
Cheetos Crunchy Flamin Hot 2¾oz-wholesale,138995,$1.48 ,028400356169
3 Subject Notebook 120ct W-R 9½ X 5¾in-wholesale,125134,$1.32 ,764608005644
***Disney Plush Throw 45X60in Asst-wholesale,148889,$6.89 ,191409199614
Clorox 3 In 1 Stain Rmvr & Clr Booster-wholesale,Not Found,$19.56,Not Found
Ariana Center Pull Towels AO 2-Ply 600ct-wholesale,116218,$4.59 ,422052261930
ACTII Popcorn 2.75 Butter Lovers-wholesale,149686,$0.45 ,076150232486
*V-O5 Cond 15oz Kiwi Lime Squeeze-wholesale,136770,$1.37 ,816559011073
***Creme Eyelash Display 480ct-wholesale,105153,$0.91 ,99999999999999999999
Arcor Chewy Fruities Candy 6oz-wholesale,149021,$0.79 ,7790580400811
